tsne1,tsne2,label,code
22.611443,7.5953255,Other,3
30.789936,5.0090966,Other,3
9.186691,-21.215456,Other,3
30.338173,38.91723,Other,3
-6.8252573,-28.089579,Other,3
-41.070984,18.233091,Other,3
-21.695177,36.68329,Other,3
20.005434,-12.026234,Other,3
-23.091814,21.919409,Other,3
-5.0892043,28.840273,Top-Multi,2
-13.712234,-8.369583,Other,3
-41.42844,20.514595,Other,3
12.281753,12.087041,Other,3
6.9993243,42.713264,Other,3
33.744797,-1.8339999,Other,3
26.744339,-1.4113157,Other,3
-12.172055,-26.227875,Other,3
-3.8861501,3.709579,Other,3
5.9367304,40.02322,Other,3
20.00877,17.274021,Top-Multi,2
15.507091,32.687935,Top-Multi,2
-6.2771826,-0.4276388,Other,3
-5.677995,-35.339504,Other,3
16.270605,28.44699,Other,3
23.254677,-13.784335,Other,3
7.4217076,20.465712,Other,3
-22.873205,-30.220894,Other,3
-16.333494,-10.069984,Other,3
30.640928,28.983015,Other,3
-24.807835,-39.92575,Other,3
16.720968,49.81484,Other,3
-16.568241,-20.254467,Other,3
-0.5901458,-41.381927,Other,3
-5.1983447,15.50974,Other,3
13.67906,9.635344,Other,3
-6.7262793,13.629711,Top-Multi,2
17.53158,-30.985065,Other,3
0.062156793,47.15799,Other,3
11.665934,18.476843,Other,3
33.877487,7.9330797,Other,3
26.350573,-14.015623,Other,3
-21.94157,-33.752865,Other,3
46.790813,-4.6470056,Other,3
9.648631,42.354214,Other,3
39.454105,10.029117,Other,3
-4.965355,-17.51004,Other,3
-10.576746,-2.4892163,Other,3
42.36889,14.070542,Other,3
-15.849606,-8.493971,Other,3
-11.581222,-24.156666,Other,3
-14.085489,42.38767,Other,3
1.6037823,-43.21885,Other,3
-7.131785,-42.15094,Other,3
-18.60861,-36.224556,Top-Multi,2
13.323169,48.76986,Other,3
-14.061439,42.423965,Other,3
-20.087,-25.546038,Other,3
37.662956,16.266344,Other,3
-13.086023,-12.686209,Other,3
7.508889,36.394157,Other,3
21.534039,14.417399,Other,3
33.730545,-8.0139265,Other,3
-17.884047,-39.02646,Other,3
-44.72845,2.9351997,Other,3
3.0596187,8.768459,Other,3
29.47691,31.428173,Other,3
-1.817924,-16.272045,Other,3
-41.60188,-12.652382,Other,3
27.94417,-13.394129,Other,3
21.642025,-17.33728,Other,3
19.732346,-24.152409,Other,3
-1.479245,-35.5475,Other,3
18.695885,-0.26605862,Other,3
10.743573,37.40686,Other,3
7.5318794,-25.279356,Other,3
-2.7450395,-16.985313,Other,3
-27.499687,16.701777,Other,3
26.18326,31.276588,Other,3
-27.092907,-4.2860126,Top-Multi,2
-29.452782,23.92614,Other,3
5.777101,34.9222,Other,3
24.414913,12.539296,Other,3
-14.7933035,-30.969995,Other,3
36.82931,16.794264,Other,3
-16.26115,-11.77711,Other,3
37.730793,-18.87261,Other,3
-36.925076,-7.328565,Other,3
7.5407634,41.35567,Other,3
-18.325321,-10.7533455,Top-Multi,2
-40.575912,-22.371422,Other,3
-12.282785,14.550859,Other,3
-30.215462,-13.162403,Other,3
-25.379477,-7.77896,Other,3
7.5889277,-10.789327,Other,3
-14.723152,41.816723,Top-Multi,2
4.082447,-25.373377,Other,3
23.389935,31.78563,Other,3
-2.634762,34.23947,Other,3
4.810673,23.37293,Other,3
19.869965,-8.786586,Other,3
-15.295342,-16.78555,Other,3
-7.3945513,1.6929902,Other,3
20.188156,-17.440401,Other,3
-17.291498,-5.2215533,Other,3
8.561379,-13.340731,Other,3
32.407692,-12.69086,Other,3
20.679401,6.187628,Other,3
-20.135723,-40.114407,Other,3
16.984762,-18.070486,Other,3
19.05133,38.97763,Other,3
30.744568,-8.071351,Top-Multi,2
-8.144881,-26.617172,Other,3
-21.140274,-28.817427,Other,3
-23.024433,-30.427866,Other,3
3.9032211,-14.56157,Top-Multi,2
-33.129948,-4.242005,Other,3
15.367103,9.400263,Other,3
-26.341736,29.220093,Other,3
-30.836441,-28.768368,Other,3
40.468864,11.283299,Other,3
-24.935215,-36.49272,Other,3
23.248644,-10.788555,Other,3
-23.289429,12.57819,Other,3
20.179222,-34.328808,Other,3
-31.951704,12.209107,Other,3
-17.804039,-29.766893,Other,3
-16.872396,-16.262142,Other,3
30.672539,-10.610189,Other,3
-31.394924,-31.118908,Other,3
32.33763,35.297585,Other,3
-24.020435,-2.7642744,Other,3
-10.950429,-28.152239,Other,3
35.255764,-4.9101195,Other,3
13.093996,7.6465025,Other,3
26.635647,-39.240334,Other,3
-21.660408,34.461704,Other,3
-11.102353,27.029062,Other,3
7.8427353,19.096468,Other,3
-17.542173,-19.375166,Other,3
17.445652,39.773357,Other,3
-38.35823,-24.574633,Other,3
7.4035354,36.22789,Other,3
1.8763373,28.153175,Top-Multi,2
43.700348,7.846929,Other,3
-23.037636,34.014095,Other,3
2.6738422,12.500703,Other,3
29.664782,-8.100083,Top-Multi,2
2.2450929,11.068001,Other,3
-26.791985,27.630747,Other,3
11.384546,-43.352943,Other,3
27.216366,-33.674953,Other,3
-2.0371747,-12.116493,Other,3
12.945652,-10.697266,Other,3
18.014662,32.123,Other,3
-16.945293,40.270744,Other,3
27.665472,24.25784,Other,3
33.39423,-27.403206,Other,3
-19.180624,-28.448677,Other,3
7.544439,-18.952946,Other,3
-34.70037,21.425644,Other,3
-10.552693,-13.692265,Top-Multi,2
-17.358807,-33.151466,Other,3
17.328524,-23.99335,Other,3
-27.432312,-34.028683,Other,3
-23.97756,-9.608521,Other,3
-3.848934,-1.1721711,Other,3
8.226502,46.570793,Other,3
17.299778,-1.7980838,Other,3
-39.81481,1.6757377,Other,3
-4.631857,22.160267,Other,3
12.995736,20.242466,Other,3
-16.117025,3.699182,Class1,0
-26.810759,-11.846694,Other,3
-23.600246,-5.3981767,Other,3
28.459814,-17.534035,Other,3
-27.470882,38.91074,Other,3
26.931667,33.383556,Other,3
3.4172788,-28.107548,Other,3
16.943491,38.502953,Other,3
-31.66857,-11.665479,Other,3
-5.7343516,37.494274,Other,3
18.652967,-42.929005,Other,3
-27.191422,11.116274,Other,3
-36.368896,-31.34869,Other,3
43.267113,22.614857,Other,3
-9.196582,0.3224903,Other,3
-26.694132,-31.698814,Other,3
-36.76909,0.32910007,Other,3
15.898427,-0.9342126,Top-Multi,2
3.7930691,-14.251959,Top-Multi,2
-9.690016,-17.397383,Top-Multi,2
-23.17969,-26.668207,Other,3
-24.780695,-31.588474,Other,3
-9.813682,31.591751,Other,3
27.4602,25.330652,Other,3
14.40828,-13.18782,Other,3
21.312122,-6.540877,Other,3
-19.916195,25.454838,Other,3
20.588337,-23.564655,Other,3
0.6880509,-20.815058,Other,3
40.87176,25.443275,Other,3
-23.93457,-35.89735,Other,3
14.41363,12.158604,Other,3
20.529928,42.355377,Top-Multi,2
14.366689,-38.000854,Other,3
-4.1417155,6.722324,Other,3
-35.01629,23.002369,Other,3
17.558487,43.310974,Other,3
-32.57724,-24.974335,Other,3
-16.53862,-32.475334,Other,3
25.7333,-15.065016,Other,3
26.454313,13.267687,Other,3
29.554502,7.082032,Other,3
10.648309,3.5603487,Other,3
-8.9194765,-5.52288,Other,3
-41.996777,-24.957718,Other,3
-1.7566131,-13.48496,Other,3
-28.42319,1.9341701,Top-Multi,2
0.0054254737,15.904307,Other,3
-20.11091,-29.795464,Other,3
35.830715,-22.973022,Top-Multi,2
-16.50625,31.03419,Other,3
-17.408806,19.017231,Other,3
-7.9744925,34.876587,Other,3
-29.625511,19.092304,Other,3
-1.3285782,23.202137,Other,3
-13.618228,-2.1353128,Other,3
-28.325947,29.021107,Other,3
-28.837725,-19.849178,Other,3
1.2587799,-25.205717,Other,3
-14.052379,-8.185616,Other,3
-39.09301,-17.298086,Other,3
27.599606,-15.624958,Other,3
-14.913634,21.645622,Other,3
-28.36582,-14.393364,Top-Multi,2
21.02159,-29.522337,Other,3
27.678665,23.403816,Other,3
-37.118786,11.656428,Other,3
-14.083541,-23.585882,Other,3
-16.309017,-32.460835,Other,3
14.154793,-41.951797,Other,3
-43.03321,5.8517685,Other,3
-1.2455556,15.343155,Other,3
6.63198,-21.511442,Other,3
24.3847,-16.610268,Other,3
6.114552,40.514957,Other,3
9.567594,8.728354,Other,3
-33.360126,5.356423,Other,3
-8.311086,-0.4910996,Other,3
41.131413,-16.335346,Other,3
19.541483,-36.65958,Other,3
-22.780283,-34.040623,Other,3
19.681744,38.55863,Other,3
-19.288948,35.079685,Other,3
2.4328291,14.045507,Other,3
-3.9145534,10.277603,Other,3
-8.034534,-35.660213,Other,3
18.772654,35.593872,Other,3
-13.518357,7.8436375,Other,3
0.17732371,50.759888,Other,3
27.112923,4.1378794,Other,3
-29.314215,-0.1462073,Other,3
25.558498,-33.093987,Other,3
-23.048256,8.290356,Other,3
-23.88998,-26.55729,Other,3
22.46727,2.1322381,Other,3
-42.13755,7.105048,Other,3
21.831139,-34.503582,Other,3
15.488177,-42.149445,Other,3
37.41,17.107203,Other,3
-22.825514,5.643375,Other,3
19.740868,42.438572,Other,3
-1.840235,36.192173,Other,3
-15.815067,22.532618,Other,3
35.68159,26.130678,Other,3
-9.760613,38.840546,Top-Multi,2
-17.965292,7.468629,Other,3
-34.074764,20.892612,Other,3
4.7101607,-32.10953,Top-Multi,2
-8.500516,-9.0485935,Other,3
23.75518,-38.30288,Other,3
8.801222,39.229504,Other,3
-11.215514,-28.192049,Top-Multi,2
9.117506,16.881603,Other,3
-2.156312,-23.630617,Other,3
25.936846,35.745296,Other,3
2.5622292,-28.359266,Other,3
-27.49067,16.673077,Other,3
-4.056498,1.6959829,Other,3
15.62504,43.966618,Other,3
-16.853823,-9.851236,Top-Multi,2
18.003618,-14.946017,Other,3
14.992182,38.63413,Other,3
-31.792313,30.222517,Top-Multi,2
-32.21044,-7.1553392,Other,3
32.874897,18.382544,Other,3
36.728924,-21.87408,Other,3
-40.096172,-33.598076,Other,3
6.4928894,-29.580454,Other,3
-4.4882646,45.986607,Top-Multi,2
-14.781673,-6.203427,Top-Multi,2
-4.972807,22.117046,Other,3
5.359626,-36.49796,Other,3
32.81385,3.775598,Other,3
19.11957,41.00226,Other,3
36.43619,-25.389343,Other,3
23.170929,-21.000467,Other,3
-13.757009,36.04105,Top-Multi,2
-30.871126,-12.069747,Other,3
38.176582,-0.1650337,Top-Multi,2
-40.882656,-24.374926,Other,3
1.2449497,8.880511,Other,3
17.18556,44.72795,Other,3
4.963149,39.878147,Other,3
-18.296371,11.350968,Other,3
21.40516,-36.762604,Other,3
-36.334988,-5.384879,Other,3
-50.060684,-2.073003,Other,3
23.50496,7.9960093,Other,3
-35.50714,-8.569736,Other,3
40.173172,-3.109755,Other,3
-3.6859367,3.6498823,Other,3
-8.919195,-20.986069,Other,3
15.69669,17.240227,Other,3
-3.8821096,-39.2921,Other,3
-22.198912,21.4957,Top-Multi,2
2.3957503,-35.057037,Other,3
21.787886,15.888952,Other,3
1.5752507,24.303217,Other,3
-10.710782,32.717056,Other,3
10.4703665,45.521408,Other,3
-14.080331,35.39732,Top-Multi,2
-34.51401,14.32405,Other,3
7.0239058,7.9245715,Other,3
-3.7752242,12.910145,Top-Multi,2
-4.055364,10.0037565,Other,3
23.429728,20.37699,Other,3
-41.131844,-21.684767,Other,3
-4.3802834,-3.975211,Other,3
-48.882607,-1.1436859,Other,3
-1.4805981,-43.341,Other,3
-17.709484,22.076982,Other,3
-18.64506,13.320808,Other,3
0.6006113,-40.4356,Other,3
-6.991459,-29.17862,Other,3
16.594906,-22.901888,Other,3
-7.780024,-0.55533415,Other,3
-17.981468,20.9667,Other,3
-1.381084,-30.564428,Other,3
33.0371,14.257252,Top-Multi,2
-23.095848,-9.705332,Other,3
11.5156555,42.903164,Other,3
32.976177,-24.22084,Other,3
1.1136253,-33.084244,Other,3
3.689502,18.295654,Other,3
28.593254,-31.215483,Other,3
-11.903963,-26.294334,Other,3
23.850384,-6.3039007,Other,3
9.409223,-36.973286,Other,3
-16.208447,1.1981639,Other,3
22.638699,-34.61675,Other,3
16.283379,-42.935192,Other,3
-16.655489,-27.926489,Other,3
-6.7587557,-14.219341,Other,3
-41.13114,0.75059426,Other,3
-38.525955,-31.804195,Other,3
23.85082,-4.1601725,Other,3
-20.157948,36.305267,Other,3
37.506107,-24.73263,Other,3
13.862548,-20.318682,Other,3
-29.064005,-11.654248,Other,3
-35.120472,18.136732,Other,3
14.532192,46.84228,Other,3
38.134167,-18.18384,Other,3
19.601828,35.31928,Other,3
-31.330324,-29.836834,Other,3
-14.616696,-15.1294775,Other,3
24.111078,12.486737,Other,3
15.916748,39.577908,Other,3
-37.513527,7.77624,Other,3
-30.482203,31.583311,Top-Multi,2
6.1881847,10.270997,Other,3
9.970124,-25.191526,Other,3
15.966643,16.812395,Other,3
6.629427,30.990896,Other,3
0.6042007,-2.3981166,Other,3
19.522026,7.0576916,Other,3
12.464635,-27.417097,Other,3
-4.86899,-10.244998,Other,3
-7.600184,-2.5648272,Other,3
-6.7168136,-4.5702906,Other,3
-0.29384923,-27.249914,Other,3
19.527893,-17.047314,Other,3
-19.311003,-6.2858744,Other,3
-22.249655,1.3391687,Other,3
-33.71666,-8.998535,Other,3
-30.088568,0.06661161,Other,3
19.373749,-13.723622,Other,3
-19.875341,37.699963,Other,3
21.609304,-7.210576,Other,3
-13.022561,-18.553873,Other,3
-36.3719,-3.729412,Other,3
6.1238437,44.068195,Other,3
24.57968,-2.2889087,Other,3
24.81436,-8.387155,Top-Multi,2
-24.312365,-41.08302,Other,3
22.466831,13.304468,Other,3
22.844349,-8.6728115,Other,3
-23.081171,17.44357,Top-Multi,2
-12.459463,-4.2991886,Other,3
-14.174368,0.6683261,Other,3
1.0563653,30.495836,Other,3
-14.980061,4.5477653,Other,3
1.2212719,13.493857,Other,3
14.998941,-6.1687856,Other,3
9.9424715,-6.551405,Top-Multi,2
-9.41702,-15.824735,Other,3
10.974639,-29.902658,Other,3
-44.03266,10.173219,Other,3
34.947475,30.94695,Other,3
-6.3279314,-27.501537,Other,3
-31.09712,30.364891,Other,3
-21.87754,-37.79324,Other,3
-0.76070774,18.29316,Other,3
2.6595626,-15.882549,Other,3
-23.786182,28.583956,Top-Multi,2
-29.523714,28.48321,Other,3
39.00825,17.629326,Other,3
20.116562,-10.826581,Other,3
31.617714,0.3836894,Other,3
10.720359,1.21675,Other,3
8.623262,41.81557,Other,3
12.934426,37.083942,Other,3
-11.197622,31.502869,Other,3
-32.03258,-17.893522,Other,3
6.135939,-8.273388,Other,3
-4.9549494,-6.07077,Top-Multi,2
3.9340153,-18.862068,Other,3
-31.01502,16.081923,Other,3
-31.02501,10.156529,Other,3
-0.030053722,-17.344166,Other,3
1.5050547,-25.504532,Other,3
-16.704638,14.12326,Other,3
-24.08968,-32.490383,Other,3
14.221711,-21.792173,Top-Multi,2
-13.41501,-11.955908,Top-Multi,2
-30.374628,-14.113879,Other,3
-4.2028875,33.003616,Other,3
9.659285,54.554016,Other,3
-2.5443268,8.232574,Other,3
15.209861,-3.3017972,Other,3
18.412214,23.965548,Other,3
24.326948,-39.109867,Other,3
-6.112981,35.452232,Other,3
37.098736,18.620106,Other,3
-2.4161103,-27.8046,Top-Multi,2
-11.836958,-10.064272,Other,3
-38.407276,-26.288307,Other,3
22.287956,3.354553,Top-Multi,2
4.00066,-3.745054,Other,3
24.22499,25.85674,Other,3
11.200306,35.60787,Top-Multi,2
-34.658413,13.3464575,Other,3
45.545204,-12.720474,Other,3
44.379524,-16.803867,Other,3
39.38691,24.657465,Other,3
-14.932494,32.85924,Other,3
-7.2953205,-47.03496,Other,3
29.032198,-10.739851,Other,3
-31.681152,-11.623776,Other,3
14.458888,39.67589,Other,3
-18.35677,-4.1538606,Other,3
17.405806,24.019495,Other,3
-30.798588,8.587441,Other,3
-24.72914,23.254759,Other,3
9.353529,42.826786,Other,3
14.960457,12.90035,Other,3
-14.805241,33.38498,Other,3
-20.349272,-10.13087,Other,3
2.802312,-42.10371,Top-Multi,2
12.448923,43.538105,Other,3
20.736946,40.33436,Top-Multi,2
3.397333,-22.988607,Other,3
19.53568,40.114,Other,3
-7.0254474,-35.55898,Other,3
21.970697,13.710625,Other,3
-36.02132,-7.352639,Other,3
-18.59444,28.878971,Other,3
11.711796,-4.8366227,Other,3
-2.009128,-5.1614423,Other,3
-40.17444,3.0405746,Other,3
31.125322,4.3422594,Top-Multi,2
30.105675,-5.191517,Other,3
15.449194,-1.2840036,Top-Multi,2
20.198586,-12.773662,Other,3
16.79184,-43.392776,Other,3
-36.5979,19.970516,Other,3
8.635489,-2.624657,Other,3
5.2283854,-10.1304035,Other,3
15.124083,44.71805,Other,3
-1.3858414,-49.09917,Other,3
-17.221571,-13.174425,Other,3
-23.42451,38.184803,Other,3
-41.059776,5.859459,Other,3
11.716812,-4.7991548,Other,3
0.9995688,0.68480825,Other,3
15.20692,28.018198,Other,3
21.223124,-27.105892,Other,3
23.548782,12.676225,Other,3
40.28802,10.718087,Other,3
-20.688501,38.26753,Other,3
20.478306,36.29585,Other,3
0.5962247,12.220981,Other,3
16.596243,-34.91184,Other,3
-39.76824,-12.535468,Other,3
45.835594,-16.581049,Other,3
-32.734695,10.828044,Other,3
-44.521442,-20.796604,Other,3
-9.422418,19.162134,Other,3
38.619095,7.234826,Other,3
14.735573,41.15543,Other,3
1.820973,0.73141795,Top-Multi,2
-3.1184866,-36.541832,Other,3
12.691898,32.356342,Other,3
14.264496,16.222628,Class1,0
-11.885552,1.2585422,Other,3
38.2066,10.571014,Other,3
-10.697982,17.147991,Other,3
-12.953167,-9.051684,Other,3
28.05411,-15.742186,Other,3
26.254362,39.421852,Other,3
-44.949306,-23.335415,Other,3
30.099642,0.5541796,Other,3
-11.9548025,22.972124,Other,3
13.275191,15.091223,Other,3
8.046967,19.060217,Other,3
21.385786,-14.025082,Other,3
-40.99981,-16.725819,Other,3
-34.120495,-7.0516844,Other,3
-14.649581,-38.639755,Other,3
-21.634007,-1.171854,Other,3
-0.8836603,11.690413,Other,3
19.319437,36.847363,Other,3
27.614853,-5.8447766,Other,3
-15.958891,-22.908531,Other,3
31.810408,37.78348,Top-Multi,2
-42.664963,-0.26487806,Other,3
43.91881,-16.326666,Other,3
17.420547,42.333794,Other,3
20.831915,17.78246,Other,3
7.53464,20.168074,Other,3
20.963526,28.099487,Other,3
-33.93161,-34.75624,Class1,0
11.975336,-17.971767,Top-Multi,2
-8.1995735,32.18053,Other,3
-3.919751,3.7344146,Other,3
27.554682,-18.594378,Other,3
9.723696,14.476621,Other,3
35.36432,29.963581,Other,3
-20.493216,-12.430037,Top-Multi,2
13.247979,38.663845,Other,3
21.050224,47.09977,Other,3
31.080982,38.40344,Other,3
23.251183,8.472637,Other,3
12.603169,-21.846441,Other,3
17.751467,37.143543,Other,3
25.440718,-20.356575,Other,3
14.246454,-18.592058,Other,3
-34.261135,-7.7091837,Other,3
13.500149,6.555364,Other,3
18.317144,-6.812866,Other,3
-2.9735205,-0.2786149,Other,3
-27.56674,-6.7713223,Other,3
0.32386822,-34.696667,Other,3
13.31464,-15.435209,Other,3
18.483042,-16.319267,Other,3
1.1635445,30.44892,Top-Multi,2
-40.080067,-9.335025,Other,3
-20.717892,4.889711,Other,3
16.276297,11.476439,Other,3
-14.228376,23.597914,Other,3
-37.711838,-23.986744,Other,3
15.567432,32.357136,Other,3
39.77233,-0.3897867,Other,3
22.298134,41.075478,Other,3
24.305002,-19.001947,Other,3
5.543021,-13.263414,Other,3
-41.935925,17.655231,Other,3
42.436646,-18.420113,Other,3
5.3416944,-35.02496,Other,3
6.900182,-7.3955827,Other,3
-31.211523,-28.629599,Other,3
0.569634,35.72493,Other,3
28.237421,-2.1743255,Top-Multi,2
-8.9239855,45.210804,Other,3
20.589243,49.37925,Top-Multi,2
-24.086256,0.6222746,Other,3
9.686263,6.2459784,Other,3
24.528313,3.6067736,Other,3
27.77521,-34.48249,Other,3
24.121729,25.916578,Other,3
-10.764443,0.43048042,Other,3
34.205765,12.757662,Other,3
-25.22937,31.115301,Other,3
44.256622,7.744145,Other,3
-19.45993,-34.000854,Other,3
1.6154333,-9.626967,Top-Multi,2
27.630392,-18.618994,Other,3
40.207874,12.597634,Other,3
4.421725,-29.481777,Other,3
-34.268555,20.693373,Other,3
40.66643,-21.6751,Other,3
-0.18540914,-3.735713,Other,3
26.893566,-17.263178,Other,3
23.672907,-33.382805,Other,3
-13.852722,13.196527,Other,3
25.82928,-9.00064,Other,3
-13.021971,21.551535,Other,3
-10.3434925,-20.878883,Other,3
5.282639,25.497276,Other,3
-31.417952,-40.79969,Other,3
-1.7436515,-44.68885,Top-Multi,2
-14.567606,-18.434206,Other,3
-14.980588,21.395517,Other,3
2.2069845,-27.929049,Other,3
25.737148,-8.293904,Other,3
-1.864064,42.420807,Other,3
-42.75043,12.30481,Other,3
-11.87153,-36.13357,Other,3
-24.751856,-41.758144,Other,3
20.809673,-27.62364,Other,3
18.807322,13.622295,Top-Multi,2
8.0629635,-40.949425,Other,3
28.020145,-0.7679679,Other,3
-41.044853,-27.836456,Other,3
11.489458,40.868973,Other,3
17.762657,14.831126,Top-Multi,2
-4.803262,5.2467546,Other,3
20.778467,15.0546,Other,3
-25.779734,-19.119347,Other,3
27.0441,-22.657957,Other,3
42.56498,14.5566025,Other,3
-14.72193,-18.754612,Top-Multi,2
-21.333727,-4.331785,Other,3
38.730713,-25.265911,Top-Multi,2
2.997014,-7.544607,Other,3
14.994811,21.608324,Other,3
-32.6372,20.33616,Other,3
31.793238,24.08865,Other,3
12.67178,23.432816,Other,3
-12.5149,26.455774,Other,3
27.144909,-7.9474463,Other,3
-18.184927,-16.20308,Other,3
30.5387,-12.88276,Other,3
32.672554,18.616213,Other,3
0.32385913,-30.13584,Other,3
20.150677,-4.319013,Other,3
24.31472,-39.37456,Other,3
-40.499046,7.4672,Other,3
23.932398,20.252031,Other,3
36.166195,-21.088264,Top-Multi,2
-1.5689347,30.101595,Other,3
2.2850077,-18.32876,Other,3
44.822098,-14.793329,Other,3
-32.16679,-25.388165,Other,3
-49.77582,-11.003853,Other,3
23.486929,-6.5317063,Top-Multi,2
-15.70486,20.646132,Other,3
-10.724638,25.374004,Other,3
6.246121,11.926343,Other,3
-7.8080254,40.988052,Other,3
42.78336,-0.12160245,Other,3
19.582918,-32.70219,Other,3
27.623722,-12.302734,Other,3
-33.204052,-33.776917,Class1,0
-16.217676,31.398932,Other,3
6.2712984,39.268536,Other,3
-28.425102,1.132007,Other,3
2.9108307,8.043371,Other,3
-16.94809,-7.380953,Other,3
21.89556,23.89536,Other,3
-41.779427,-31.792582,Other,3
46.931602,-3.8868597,Top-Multi,2
20.778599,-7.861961,Other,3
14.604596,39.662426,Other,3
-26.726,-30.162716,Other,3
26.834494,3.8925037,Other,3
5.0752106,38.36244,Other,3
-16.074768,38.58689,Top-Multi,2
4.060037,-4.370426,Other,3
-32.405247,-19.93447,Other,3
-10.502701,49.60593,Other,3
-24.867323,36.28758,Class1,0
-7.9488206,37.954575,Other,3
-10.861774,22.460499,Other,3
17.919323,3.9518046,Other,3
13.701247,-26.548494,Other,3
37.346527,17.147797,Other,3
-40.89535,12.454696,Other,3
-9.151443,-21.13403,Other,3
10.626459,-33.52682,Other,3
17.78847,-11.061045,Other,3
-29.257893,-5.17346,Other,3
-36.129425,-5.9128075,Other,3
4.0697904,0.06569236,Top-Multi,2
-19.922226,-6.4123683,Other,3
21.792887,39.361538,Top-Multi,2
-16.642342,41.60647,Top-Multi,2
0.43756682,3.4672549,Top-Multi,2
16.65202,-26.20881,Other,3
-23.67888,34.107014,Other,3
10.111286,31.343945,Other,3
-25.556374,7.4284744,Other,3
35.07933,-12.191263,Other,3
-15.827401,-21.531702,Other,3
-22.179441,-22.819983,Other,3
-27.408672,-11.994047,Other,3
-0.16477942,-8.053057,Other,3
-23.053286,33.482292,Other,3
12.746861,19.704552,Other,3
20.066813,-18.436163,Other,3
5.0920115,-10.390025,Other,3
4.477362,2.2431798,Other,3
-21.456913,34.3724,Other,3
31.59192,23.638721,Other,3
36.208908,-15.5943575,Other,3
-10.205993,30.08412,Other,3
-32.623035,16.156874,Other,3
-40.377625,2.9455168,Other,3
16.478199,-37.573273,Other,3
41.165283,9.066212,Other,3
-25.643772,-34.927597,Other,3
0.7688642,17.199993,Other,3
40.527485,4.015355,Other,3
-40.201607,-25.743914,Class1,0
-9.16118,39.709583,Other,3
-6.029696,-20.290405,Other,3
17.968489,12.158177,Other,3
7.9662337,-46.43468,Other,3
15.214483,-16.282667,Other,3
-34.32889,20.724651,Other,3
-7.9011936,-6.006258,Other,3
-5.653021,33.60024,Other,3
-16.622091,8.252673,Other,3
7.646517,-14.619196,Other,3
22.85135,19.216665,Other,3
-8.109317,32.203804,Top-Multi,2
23.50005,-30.919884,Other,3
-15.06182,-12.42603,Top-Multi,2
23.234886,39.049423,Top-Multi,2
23.927485,-19.285828,Other,3
-42.688293,-31.96069,Other,3
16.400925,45.91042,Other,3
-35.53433,-28.04948,Other,3
17.865297,-21.752834,Other,3
-40.07334,21.88199,Other,3
37.31971,17.937754,Other,3
-22.076078,22.045467,Other,3
14.179073,-10.523035,Other,3
-3.8549085,37.27044,Other,3
-13.338112,-23.864613,Other,3
7.533956,38.016945,Other,3
-6.1661096,15.225923,Top-Multi,2
-8.964262,-33.77039,Other,3
-12.950656,29.431316,Other,3
-14.927615,-34.983074,Other,3
4.20586,12.507542,Other,3
1.0486611,-38.375248,Top-Multi,2
-8.083214,38.75492,Other,3
-5.543745,-27.35486,Other,3
12.810866,-23.863924,Other,3
-33.034645,23.000093,Other,3
16.566391,43.09801,Other,3
32.09046,25.010628,Other,3
-27.30739,-4.433838,Other,3
30.383263,-9.876599,Other,3
38.79691,-0.21434258,Top-Multi,2
19.139473,-22.574747,Other,3
-24.529566,32.84143,Other,3
24.55351,45.28741,Other,3
-27.481329,-29.784006,Other,3
25.650675,-26.943245,Other,3
-34.826473,-6.5947456,Other,3
-6.9877505,3.850311,Other,3
19.38093,43.101826,Other,3
-44.305786,8.343871,Other,3
14.530302,-25.2579,Other,3
-17.487474,-35.988743,Other,3
-6.180245,37.0313,Top-Multi,2
-0.41780716,-30.59358,Other,3
24.723303,-36.97792,Other,3
-8.552277,9.038874,Other,3
28.629492,-14.202203,Other,3
3.2547114,28.850079,Other,3
-2.0242906,16.212133,Other,3
39.38236,15.190407,Other,3
17.341677,-17.037066,Top-Multi,2
-1.5251617,-1.9374876,Top-Multi,2
24.85999,29.309734,Top-Multi,2
4.1976967,36.23553,Other,3
-16.791851,-44.183956,Other,3
-19.907368,1.0731419,Other,3
-2.2058125,-24.160757,Other,3
-16.004343,5.4808197,Top-Multi,2
-29.311314,-2.1043873,Other,3
-34.09615,-21.638672,Other,3
-4.528005,16.755367,Other,3
33.90978,44.642048,Other,3
-9.565814,-7.490732,Top-Multi,2
16.55743,-15.669901,Other,3
-20.955091,26.07066,Other,3
17.44689,-41.843685,Other,3
39.50334,10.652718,Other,3
22.737438,37.0822,Other,3
-42.702686,-8.225375,Other,3
15.315629,-8.767142,Top-Multi,2
-46.015274,-15.885534,Other,3
-27.314621,30.958712,Other,3
7.344477,41.655018,Other,3
25.21673,-43.519764,Other,3
5.231105,-8.013946,Other,3
-33.016155,22.036804,Other,3
-9.428142,-13.017477,Other,3
-24.582342,-8.7417555,Other,3
-19.271862,-15.086359,Other,3
-43.387062,6.86844,Other,3
-14.623598,-10.602063,Other,3
-14.522219,-20.682444,Other,3
11.075273,40.720367,Other,3
26.86755,-14.679438,Other,3
6.6664715,27.8945,Other,3
-21.24204,37.04965,Other,3
44.133266,-15.435945,Other,3
3.3442454,41.012367,Other,3
0.48977962,-39.878998,Other,3
33.005756,-24.273777,Top-Multi,2
-28.048397,-19.209457,Other,3
-33.95512,-7.0503254,Other,3
5.743861,-23.088888,Other,3
30.193302,-14.501053,Other,3
33.35491,-7.04042,Other,3
-27.867313,38.28493,Other,3
-20.905785,-38.309162,Other,3
-15.281503,-38.746258,Other,3
-22.468287,-5.192092,Top-Multi,2
25.39777,-17.58176,Other,3
14.797389,47.430042,Other,3
26.25108,-13.531259,Top-Multi,2
-6.752304,-36.12804,Other,3
6.4074087,-32.397232,Other,3
18.23956,48.55181,Other,3
-22.466393,-0.24317212,Other,3
20.208178,-19.059387,Other,3
2.9313123,-3.9035976,Other,3
-2.654026,-0.27586573,Other,3
10.607175,-33.766876,Other,3
8.673728,36.68506,Top-Multi,2
14.150316,-22.097525,Other,3
-3.8106966,36.792213,Top-Multi,2
0.7813681,24.346846,Top-Multi,2
-5.1957893,19.505402,Other,3
-12.821532,0.765591,Other,3
5.395352,19.865477,Other,3
17.449717,-12.195286,Other,3
-40.09353,-9.339379,Other,3
28.320381,18.873606,Other,3
15.5583725,44.82904,Other,3
21.766348,-10.639473,Other,3
-36.054035,-10.842879,Other,3
15.035702,42.156418,Other,3
28.97042,-2.512074,Other,3
-27.636307,32.371864,Other,3
-32.829292,-7.1928477,Other,3
1.1571486,12.064537,Other,3
22.282728,46.920315,Other,3
-31.164639,1.6827178,Top-Multi,2
0.78026956,-36.762047,Other,3
15.1569,-6.5226393,Other,3
26.34908,41.753494,Other,3
35.235764,1.8489769,Other,3
5.679873,-24.49016,Other,3
37.4736,-17.681713,Other,3
-15.281052,16.117144,Other,3
-4.542637,-21.01782,Other,3
4.4615126,-31.191074,Other,3
-2.8640356,14.28586,Top-Multi,2
10.520897,17.79062,Other,3
20.208727,-17.949926,Other,3
-16.575546,39.36419,Top-Multi,2
31.607784,-17.776955,Other,3
-8.108939,-41.760468,Other,3
12.273148,5.0633817,Other,3
-20.32718,-20.78418,Top-Multi,2
1.8199034,46.974262,Class1,0
-33.443302,-6.97674,Other,3
41.549923,10.605423,Other,3
19.230675,-37.49448,Other,3
28.649588,-12.08349,Other,3
-42.04829,-13.638753,Other,3
-13.552953,-15.996787,Other,3
-14.422175,41.795532,Other,3
-33.836334,-34.629726,Class1,0
-33.182785,5.515813,Other,3
-31.135464,19.768393,Other,3
9.930281,-19.415495,Other,3
-20.516289,38.07796,Other,3
17.19037,17.28629,Other,3
-38.82489,2.7447011,Other,3
-3.9780777,5.8062987,Other,3
-22.671747,-22.89548,Other,3
-6.1745405,7.175255,Other,3
11.083067,17.654335,Other,3
-28.533327,-11.090383,Other,3
35.035675,-18.82778,Other,3
-2.4091914,16.803225,Other,3
-17.595552,-2.242426,Other,3
26.556551,37.47255,Other,3
2.274416,-14.530592,Other,3
8.796728,31.810057,Other,3
23.020176,-33.67802,Other,3
20.143732,-29.062708,Other,3
-6.295391,10.958146,Other,3
26.94008,37.898956,Top-Multi,2
27.594099,-13.54811,Other,3
23.293045,-34.730206,Other,3
15.050512,45.75529,Other,3
10.924169,6.89175,Other,3
-15.569364,7.9946446,Other,3
-0.20784695,5.5123773,Other,3
-11.97638,-28.340866,Other,3
28.360508,-3.9123716,Other,3
-4.9824166,46.52961,Other,3
-27.823536,-20.686792,Other,3
18.703682,35.703564,Other,3
30.854925,37.439304,Other,3
6.716288,3.0147762,Top-Multi,2
44.22688,7.777084,Top-Multi,2
-6.5647316,-34.686497,Top-Multi,2
44.76108,-17.52382,Other,3
37.112545,-23.9154,Other,3
-34.817375,-0.4133146,Other,3
14.815444,13.499978,Other,3
24.611362,52.03917,Other,3
-11.405779,-0.18962452,Other,3
-23.243809,21.99689,Top-Multi,2
-11.561714,-21.814642,Top-Multi,2
24.74842,-29.122995,Other,3
41.162106,26.749779,Other,3
25.574688,-10.160727,Other,3
21.171158,19.418646,Top-Multi,2
-31.65564,-18.592535,Other,3
-3.8943138,11.84815,Other,3
-20.821722,-16.977922,Other,3
22.36722,30.83945,Other,3
-23.476353,-15.965168,Other,3
-31.386625,-30.74236,Other,3
20.069725,47.420662,Other,3
17.399595,-28.284056,Other,3
-16.066038,-42.92592,Other,3
-19.821785,-29.674265,Other,3
-1.3249065,-14.609173,Other,3
20.689796,11.956687,Other,3
-36.32708,-31.430632,Other,3
-25.187431,31.414677,Other,3
4.7213535,10.2978325,Other,3
17.196728,52.52299,Other,3
-6.9845076,12.240179,Other,3
14.550694,-30.80682,Top-Multi,2
26.482357,-22.053457,Top-Multi,2
12.983503,43.89573,Other,3
-14.210604,-2.3862808,Other,3
-11.670663,-16.418663,Other,3
32.154964,11.875371,Other,3
-28.493214,-24.5965,Other,3
-22.965883,-35.220543,Other,3
-31.059593,-42.21032,Other,3
14.661579,-5.2572026,Top-Multi,2
21.754135,42.835854,Top-Multi,2
-34.39399,20.600157,Other,3
-1.3622875,-18.76242,Other,3
21.892231,-15.190721,Other,3
31.311348,22.802502,Other,3
2.2259328,-33.986122,Other,3
4.6056848,-1.1448863,Other,3
-34.88493,-32.052452,Other,3
29.233232,-10.205366,Other,3
18.483227,35.1939,Other,3
4.2091537,7.4004383,Other,3
-1.302794,6.8881316,Top-Multi,2
-31.595907,-13.004345,Other,3
-1.3707106,50.416954,Other,3
5.962337,14.476691,Other,3
16.478785,-20.801756,Other,3
26.606024,36.06213,Other,3
40.67903,-19.66956,Other,3
-8.440404,5.4893985,Top-Multi,2
-48.336178,18.639587,Other,3
-23.315485,21.22307,Other,3
33.243973,-9.590766,Other,3
13.74943,23.255957,Other,3
-32.69859,16.158348,Other,3
27.566515,-12.698987,Other,3
-30.628695,31.2611,Other,3
-9.355228,-30.836111,Other,3
7.7532134,-7.308936,Other,3
-20.78488,-35.597244,Other,3
38.48918,-25.610518,Top-Multi,2
20.226313,37.879734,Other,3
25.269787,8.712969,Other,3
43.889164,-17.914448,Other,3
38.472668,-21.192636,Other,3
36.10204,-9.182071,Other,3
-34.045975,8.756107,Other,3
-15.786642,36.303528,Other,3
2.8343518,-11.425079,Other,3
16.81289,-29.27623,Other,3
-13.422483,42.42255,Top-Multi,2
4.3596144,38.215984,Other,3
-15.008876,42.80156,Other,3
32.427418,12.7323,Top-Multi,2
21.713785,23.777582,Other,3
-22.434158,-0.5142756,Other,3
-3.3957992,1.1292957,Other,3
-13.283689,-9.590814,Other,3
10.085995,-9.055509,Other,3
11.371571,47.791656,Other,3
3.226284,-36.459724,Other,3
-23.486229,38.057365,Class1,0
-14.412658,22.216333,Other,3
33.091606,35.794426,Other,3
13.924359,0.23413633,Top-Multi,2
-12.717139,-30.152943,Other,3
-7.934481,12.361337,Top-Multi,2
-7.0467243,-29.457054,Other,3
-15.78335,-18.021158,Other,3
0.3371689,-41.357567,Other,3
-37.89385,11.896758,Other,3
-6.610485,39.642906,Other,3
-0.8333528,13.464586,Other,3
27.498318,5.1190815,Other,3
36.128742,-20.694233,Other,3
37.347008,-17.486526,Other,3
-4.022721,-30.12985,Other,3
-43.958767,5.0359197,Other,3
-9.015061,-2.1467426,Other,3
-21.133924,-28.920685,Other,3
11.459168,15.345397,Top-Multi,2
19.566471,-38.596474,Other,3
-27.240307,-9.988385,Other,3
26.467865,35.843555,Other,3
38.50075,-6.7594137,Other,3
-13.125087,-6.400485,Other,3
13.655693,46.322845,Other,3
-33.367577,-6.0616007,Other,3
18.777594,-3.9778,Top-Multi,2
26.552813,-23.50787,Other,3
24.155956,-9.447882,Other,3
-28.821495,-29.100481,Other,3
5.0605054,36.947514,Other,3
-0.9009461,13.501095,Other,3
32.529095,-10.57009,Other,3
-7.9837456,-18.421146,Other,3
12.215744,7.5284123,Other,3
-34.58892,13.753006,Other,3
-43.39871,-24.297163,Class1,0
9.241198,-21.22642,Other,3
7.923138,-46.440052,Other,3
-18.428247,6.950657,Other,3
13.730187,4.715387,Top-Multi,2
-45.495636,-6.309773,Other,3
0.42563987,10.42788,Other,3
14.901383,-14.193011,Other,3
22.288105,1.7662627,Other,3
-9.305742,43.879128,Top-Multi,2
-40.40658,-33.024887,Other,3
10.605819,-11.336402,Other,3
-22.355318,-12.4306555,Top-Multi,2
11.583119,-0.8459087,Top-Multi,2
26.184443,-39.12339,Other,3
31.03079,15.6288395,Other,3
-15.090275,-0.9313615,Other,3
3.293596,12.06526,Other,3
6.6097374,36.53246,Other,3
14.09537,0.39903465,Other,3
-3.9194171,-29.963858,Other,3
18.270363,50.11322,Other,3
-37.744946,-19.366123,Other,3
-12.835098,33.125275,Other,3
-42.40791,4.11033,Other,3
5.967358,31.920687,Other,3
9.159224,49.686275,Other,3
-25.822206,17.550821,Top-Multi,2
10.147206,-41.507874,Other,3
-10.478477,11.743485,Top-Multi,2
-19.834394,-34.203033,Other,3
19.523647,10.468371,Other,3
27.296494,-30.145536,Other,3
-7.3219047,23.950788,Other,3
-11.788991,-39.712505,Other,3
29.14923,40.17422,Top-Multi,2
32.94746,-11.541249,Other,3
17.41286,13.087922,Other,3
-25.746075,9.261766,Other,3
18.777607,-14.564983,Top-Multi,2
-23.77554,-38.6336,Other,3
-23.080914,-35.34518,Other,3
-27.618631,29.451962,Other,3
22.072414,-32.905346,Other,3
-36.5458,-11.69452,Other,3
-8.853194,-37.930454,Other,3
40.813854,-8.302436,Other,3
16.384188,19.178925,Other,3
26.958029,-11.7233,Other,3
4.8074865,-4.1405416,Other,3
-35.0427,-7.4025235,Other,3
-2.454213,26.421537,Other,3
-13.896556,24.860723,Other,3
43.903725,-17.14146,Other,3
-21.13933,38.996597,Other,3
-32.26598,-2.2781467,Other,3
-8.573544,-48.23667,Other,3
24.679209,45.19684,Other,3
-30.23224,-33.60906,Other,3
-14.13881,41.18576,Top-Multi,2
18.588106,32.458805,Class1,0
14.583495,43.537815,Other,3
-28.20629,38.695576,Other,3
-24.620667,-16.479609,Other,3
1.98132,-22.385784,Top-Multi,2
10.0164995,-19.203918,Other,3
2.46771,0.9574418,Other,3
-21.195063,-7.963601,Other,3
26.15319,40.082436,Other,3
-28.573027,-23.68492,Other,3
-6.3054304,-12.927526,Other,3
-32.47054,-8.775546,Other,3
27.071222,-34.17925,Other,3
-0.8462606,15.655212,Other,3
-12.775598,-16.971872,Other,3
-42.920273,-24.843246,Class1,0
48.4986,-14.920109,Other,3
-23.009827,0.6732897,Other,3
26.822454,0.49583337,Other,3
18.834444,-42.491776,Other,3
-20.173874,19.79044,Other,3
34.794975,14.467352,Other,3
25.185833,-14.46364,Other,3
16.979023,35.75863,Other,3
-41.01121,2.4680228,Top-Multi,2
-34.034748,-14.442107,Other,3
-33.738804,-8.948027,Other,3
-39.736927,-29.80163,Class1,0
-13.186577,-1.911082,Other,3
12.5700865,11.892189,Other,3
-30.995893,-41.394104,Other,3
1.3552313,43.814327,Other,3
-7.153501,-9.647379,Other,3
-12.941456,-40.99379,Other,3
-23.034256,-4.9923306,Other,3
-9.668858,7.361287,Other,3
19.696135,36.839924,Other,3
-2.338796,-42.312305,Other,3
17.571024,14.619511,Other,3
12.005377,51.196938,Other,3
-35.93174,-14.5004225,Other,3
-2.3853621,2.032244,Other,3
39.838924,-1.530952,Other,3
23.197693,42.69442,Other,3
12.77832,40.2664,Other,3
-40.68755,2.751246,Other,3
-42.568104,-0.24956067,Other,3
-32.91162,2.550413,Other,3
-7.737554,-21.08593,Other,3
-26.211082,-43.07019,Other,3
13.545537,-37.47885,Other,3
18.561644,41.954643,Other,3
-6.1074347,-2.6288972,Top-Multi,2
18.570177,-19.372759,Top-Multi,2
28.46043,-3.2836266,Other,3
12.561199,-7.404423,Other,3
-42.325497,8.520115,Top-Multi,2
9.8250265,-24.26618,Other,3
-12.325612,-17.825222,Other,3
-45.95752,8.113193,Other,3
-23.443794,4.9780912,Other,3
-24.915361,-19.627262,Other,3
6.1156826,36.414207,Other,3
11.1667,41.63559,Other,3
-12.9414015,-21.214752,Other,3
25.019709,38.264492,Other,3
22.868484,-24.932028,Other,3
-1.2393992,-50.40898,Other,3
28.721949,-8.966692,Other,3
19.689333,6.9757895,Other,3
-22.857702,-22.926775,Other,3
28.797873,-19.287592,Other,3
18.630177,37.436226,Other,3
23.041729,39.167633,Top-Multi,2
-28.144604,-28.63386,Other,3
10.405848,44.424862,Other,3
38.454967,12.955648,Other,3
-1.5811825,8.3669,Top-Multi,2
18.806889,-29.908775,Other,3
12.083424,-15.636819,Other,3
1.7114301,-1.0882857,Other,3
14.486838,-27.506647,Other,3
-43.035004,5.194392,Other,3
18.12935,-31.471127,Other,3
-48.8726,-0.37081695,Other,3
-42.282898,-21.804316,Other,3
34.001873,-14.921778,Other,3
25.272833,-38.841415,Other,3
19.74409,-26.940168,Other,3
-27.885475,13.517355,Other,3
31.33856,-15.944221,Other,3
-27.132616,11.085395,Other,3
9.4512205,25.079983,Other,3
0.95289767,39.23377,Other,3
-10.007529,33.31214,Other,3
33.748062,14.553336,Other,3
-12.118526,-12.608792,Other,3
-0.4052372,-36.786087,Other,3
17.783272,-12.854082,Other,3
11.450475,1.1126049,Top-Multi,2
-43.13145,-11.360537,Other,3
-30.506393,-13.426888,Other,3
-23.233454,5.1164174,Other,3
15.251462,-3.0825102,Other,3
-4.601865,-10.346388,Other,3
17.874283,12.643849,Other,3
9.577893,-37.037945,Other,3
-43.2612,-12.11582,Other,3
9.133261,-12.451641,Other,3
-2.10311,-33.334858,Top-Multi,2
31.656399,11.357419,Other,3
-13.143613,-21.787802,Other,3
23.137707,-35.349384,Other,3
-2.9028132,1.577895,Other,3
-38.120735,-17.559647,Other,3
29.86221,39.40207,Other,3
2.4953887,33.741344,Other,3
7.502227,7.5362787,Other,3
-7.2889833,37.39118,Top-Multi,2
-9.932411,1.5275469,Other,3
-21.18914,26.384895,Other,3
-33.406235,-2.1089022,Other,3
2.4527206,-34.656544,Top-Multi,2
-15.733969,-3.6563098,Top-Multi,2
18.460934,3.1370566,Top-Multi,2
-23.464848,-22.691057,Other,3
27.391218,-19.176249,Other,3
-0.5677514,-19.014782,Other,3
42.601986,-0.1203989,Other,3
4.4295936,4.889808,Other,3
-27.780903,-19.056507,Other,3
10.201327,-16.271898,Top-Multi,2
-25.661036,-40.830982,Other,3
-45.313267,-15.734542,Other,3
21.022099,33.776417,Other,3
22.78423,44.770664,Other,3
-43.62133,-21.347042,Other,3
19.443415,0.62143975,Other,3
-16.18421,-37.202198,Other,3
38.07352,9.484792,Other,3
-24.333012,0.049719866,Other,3
27.150463,-10.986228,Other,3
17.7502,-22.37429,Other,3
21.096788,-31.631262,Other,3
10.097219,1.3348116,Other,3
-38.703205,22.904577,Other,3
21.71932,-35.112186,Other,3
1.0141151,9.738187,Other,3
-6.871356,-3.6270156,Other,3
24.441452,0.7917623,Other,3
-1.4245098,-44.216198,Other,3
1.6398983,-5.3198714,Other,3
-14.648516,-14.3709,Other,3
3.9566183,-0.424064,Other,3
-2.3815722,-36.408436,Other,3
18.475466,-33.116367,Other,3
34.66351,34.64068,Other,3
29.342886,31.57615,Other,3
5.114491,9.0532,Other,3
-42.2668,6.411543,Other,3
-42.61031,2.0814354,Other,3
47.665665,-14.111229,Other,3
-13.862207,-20.223194,Other,3
-5.2615657,-34.960186,Other,3
7.092251,30.17698,Other,3
13.131835,42.32281,Other,3
-5.536494,-34.59232,Other,3
24.056524,-31.191916,Other,3
-41.409782,4.8694706,Other,3
-22.639938,-28.005165,Other,3
-8.194553,-24.299664,Other,3
-26.11337,5.714378,Other,3
6.4409647,-1.6410596,Other,3
-27.034155,-26.846214,Other,3
44.865025,-16.337782,Other,3
-11.79157,-23.519304,Other,3
-28.456724,-24.76814,Other,3
-16.053577,-13.270331,Other,3
-14.588782,-19.643528,Other,3
-17.07611,-15.5098915,Other,3
13.176291,38.70595,Other,3
-2.1059675,14.098528,Top-Multi,2
18.656384,16.139215,Other,3
-34.698006,-17.966211,Other,3
7.4416823,16.901356,Other,3
-16.557547,44.01886,Other,3
-42.084442,-34.202515,Class1,0
24.232702,17.134254,Other,3
26.128466,-31.988497,Top-Multi,2
20.18254,17.37563,Top-Multi,2
24.095829,-10.771076,Other,3
7.398963,-7.2782073,Other,3
32.49477,-4.313509,Other,3
-19.366304,3.2837703,Other,3
5.4943123,17.669655,Other,3
-18.834877,-0.36338374,Other,3
-12.138998,-15.271236,Other,3
28.919706,10.760129,Top-Multi,2
2.7610056,-21.90962,Other,3
27.67135,-33.200474,Other,3
1.7952698,-13.234359,Other,3
37.949596,11.458376,Other,3
-41.57732,-13.224846,Other,3
-25.428015,1.5621485,Other,3
-16.36688,11.268658,Other,3
14.26836,42.39434,Other,3
-4.5375676,14.8045435,Top-Multi,2
-44.337017,-5.938931,Other,3
-37.13723,1.2696738,Other,3
2.4822617,-20.673113,Other,3
14.376839,-25.40202,Other,3
-11.038845,-7.4218884,Other,3
28.947336,-13.263662,Other,3
-5.4677114,47.863167,Other,3
-28.867142,23.480394,Other,3
17.52212,-18.262178,Other,3
-38.677555,-19.30925,Other,3
-39.240578,-1.0768721,Other,3
-0.58852834,8.293269,Other,3
-5.046681,-0.58854526,Other,3
30.660242,-0.39356485,Other,3
-12.70275,5.337614,Other,3
3.1916375,-35.405262,Other,3
-14.629899,-24.861235,Other,3
0.5756077,-42.24956,Other,3
13.546143,43.896233,Other,3
-23.340244,3.644677,Top-Multi,2
2.5715764,-41.932907,Other,3
-6.6078935,-22.814615,Other,3
42.65161,11.567938,Other,3
36.69558,3.5512872,Other,3
6.5288925,38.63628,Other,3
3.6953855,11.053199,Other,3
7.625401,36.15374,Other,3
-35.047108,-11.273264,Other,3
5.228943,12.622596,Other,3
-33.123005,-4.2070575,Other,3
2.959284,-33.67815,Other,3
-29.90735,38.645622,Other,3
48.48737,-14.914022,Other,3
20.481485,-19.258987,Other,3
6.403193,51.676632,Other,3
15.766191,6.11247,Top-Multi,2
-40.37085,19.58089,Other,3
31.492777,15.664318,Top-Multi,2
12.395536,20.660265,Other,3
39.091,-15.597887,Other,3
19.656212,10.169375,Top-Multi,2
-14.831167,41.77789,Other,3
8.012132,13.663007,Other,3
46.51833,-4.954201,Other,3
39.81718,-2.3609438,Other,3
4.215511,45.9263,Other,3
-24.37978,-13.188323,Other,3
40.597202,3.9434152,Other,3
-36.46387,-27.689682,Class1,0
-41.286522,6.2279286,Other,3
27.866343,7.8212333,Other,3
-35.01572,-39.97349,Other,3
13.808819,-46.361897,Other,3
-37.240734,19.272896,Other,3
45.063725,-18.820856,Other,3
39.25546,-11.922822,Other,3
40.67726,10.784821,Other,3
-7.461763,1.8440744,Other,3
35.174007,14.557477,Other,3
7.7752438,-28.706566,Other,3
-27.362246,-11.840041,Other,3
-32.49842,-10.638562,Other,3
-13.087415,9.567815,Other,3
-4.040326,-19.732374,Other,3
3.6904929,-23.672651,Other,3
-26.822027,-3.337433,Other,3
-10.556863,-23.327414,Other,3
-17.830706,-3.4721458,Other,3
-23.700384,-30.155432,Other,3
10.7079,42.875027,Other,3
16.213095,-22.068874,Other,3
1.4425534,-35.607353,Other,3
-45.41438,-7.7088575,Other,3
16.776659,4.9684005,Other,3
34.953674,-18.79989,Other,3
5.901275,14.359575,Other,3
-35.647293,-31.566605,Other,3
12.64613,-2.5148644,Other,3
-11.576318,-20.7218,Other,3
3.2854092,8.55124,Other,3
-38.946236,-19.342497,Other,3
-6.0619326,39.18437,Top-Multi,2
-27.353428,29.929884,Other,3
-44.2288,-26.17377,Other,3
28.855873,40.123066,Other,3
-7.665992,20.037634,Other,3
-8.677249,36.37064,Other,3
-22.051517,-29.994106,Other,3
-11.912322,30.444996,Other,3
-21.055729,18.847132,Other,3
-41.266365,-28.796034,Class1,0
-14.050435,19.926506,Other,3
-22.81518,13.962798,Other,3
26.39119,-33.12139,Other,3
-15.273512,-29.926455,Other,3
10.732375,-31.724924,Other,3
2.194739,-31.604155,Other,3
15.311699,2.6891513,Other,3
18.978119,41.746094,Other,3
12.108242,3.6916492,Other,3
-27.465887,29.471527,Other,3
-18.437374,4.869541,Other,3
4.2765307,42.18103,Other,3
-36.418446,-22.767736,Class1,0
-28.807207,-0.5425257,Top-Multi,2
16.35833,19.012632,Top-Multi,2
-41.367725,5.6479917,Other,3
-23.755873,-9.69069,Other,3
-34.40419,-4.5339923,Other,3
32.55363,37.7719,Other,3
22.723864,-40.21157,Other,3
-13.455901,-20.655226,Other,3
-16.229443,34.676384,Other,3
21.240953,-30.066992,Other,3
-29.75582,-27.264814,Other,3
24.39126,-37.00379,Top-Multi,2
13.602313,21.29943,Other,3
38.959667,9.412154,Other,3
-20.018345,11.2487335,Other,3
-17.332003,-36.120068,Other,3
9.789147,44.592197,Other,3
19.222488,-7.430305,Other,3
31.69269,23.801546,Other,3
-10.368141,0.46928564,Other,3
24.396244,-2.707469,Other,3
-26.873959,-14.22951,Other,3
-20.848997,19.176174,Other,3
40.020744,11.273884,Other,3
1.8556322,46.97619,Other,3
24.191788,49.226837,Other,3
3.3378134,38.72372,Top-Multi,2
33.006676,34.727238,Other,3
7.001512,33.122684,Other,3
-12.392759,-20.086653,Other,3
-5.2599044,-4.805706,Other,3
28.061907,-6.8157754,Other,3
29.742987,7.3129663,Other,3
-25.611485,3.4987698,Other,3
-40.6579,-24.222248,Other,3
16.19365,40.49628,Other,3
9.59128,28.70794,Other,3
13.8183,-18.31467,Other,3
9.906174,6.288369,Other,3
30.20841,39.318073,Other,3
3.9520798,43.853943,Other,3
-36.633633,5.000486,Other,3
7.1789045,39.40614,Other,3
16.868616,6.8852015,Other,3
-24.202639,-13.336328,Other,3
-31.63717,-8.137712,Other,3
9.666902,-6.0673018,Other,3
20.261694,-15.618686,Other,3
-3.9694343,38.07305,Top-Multi,2
17.270863,-9.797075,Other,3
-15.297952,35.75732,Top-Multi,2
13.337055,14.087405,Other,3
-2.1089604,-23.588604,Other,3
-10.058503,3.651746,Other,3
-15.619383,-1.9041437,Other,3
-17.501522,-33.1212,Other,3
-8.517904,8.559657,Other,3
6.6835456,2.93906,Other,3
-18.37344,-40.985107,Other,3
-4.759848,-3.8979821,Other,3
4.8157516,33.870914,Other,3
9.6540365,13.269655,Other,3
1.0251265,39.267006,Other,3
21.248093,-36.727703,Other,3
-13.038718,-41.37981,Other,3
8.604518,-23.928173,Other,3
-2.511253,-9.76698,Other,3
-41.433544,18.00636,Other,3
20.862143,-21.557827,Other,3
46.401436,-5.1257076,Other,3
-3.0058491,37.560383,Top-Multi,2
8.032036,-13.012052,Other,3
-25.256937,-23.82874,Other,3
-35.79931,22.425734,Other,3
33.957924,44.695606,Other,3
6.3687963,35.267918,Other,3
-29.51311,-1.6344888,Other,3
-5.1159086,28.086967,Other,3
0.9542034,24.705599,Other,3
-10.50564,49.627823,Other,3
22.13033,-36.54649,Other,3
8.111164,5.842228,Other,3
-15.006481,-14.302535,Other,3
6.302532,-32.380955,Other,3
-14.051679,-33.93011,Other,3
39.09833,11.702743,Other,3
15.156355,14.361138,Other,3
22.262882,9.401646,Other,3
15.809736,39.468666,Other,3
-40.80485,8.828015,Other,3
21.763988,-28.370264,Other,3
33.492443,34.980846,Other,3
3.599167,0.755617,Other,3
-2.6678917,1.2120107,Other,3
3.6861331,18.278961,Other,3
40.23293,10.25394,Other,3
-12.147699,14.363329,Other,3
-30.357962,-7.988116,Other,3
-12.590279,14.877844,Other,3
27.58011,48.408653,Other,3
-13.841255,41.47096,Top-Multi,2
28.830019,10.44239,Other,3
-3.7922354,-42.51299,Top-Multi,2
-42.996056,-17.164982,Other,3
-12.630635,2.5911074,Other,3
18.107433,22.802309,Top-Multi,2
-30.586597,-17.039862,Other,3
9.546362,31.854359,Other,3
3.5544763,10.214443,Other,3
-35.239918,22.345955,Other,3
-6.613996,-37.83472,Other,3
-30.450935,7.9171824,Other,3
-16.484293,11.217116,Other,3
-8.051403,-25.144632,Other,3
-20.032534,38.83894,Other,3
25.826927,33.580532,Other,3
22.44218,-11.481569,Other,3
-18.561495,28.935667,Other,3
-12.053132,34.733215,Other,3
-0.51353455,25.50479,Other,3
34.865562,12.271053,Other,3
26.861526,15.483154,Other,3
15.436634,12.434994,Other,3
4.4529867,-26.217613,Other,3
36.569157,3.0419488,Other,3
25.338772,-20.284834,Other,3
16.085087,-18.101992,Other,3
15.921045,50.885704,Other,3
-26.345165,-31.038063,Other,3
-7.4763827,-6.4353986,Other,3
-44.89266,5.0296383,Other,3
-19.69676,-39.89292,Other,3
-2.1808205,-22.885612,Other,3
-40.66675,6.3352146,Other,3
7.948694,0.47465092,Top-Multi,2
-41.52738,-19.190138,Other,3
13.180005,-16.268026,Other,3
-15.917919,-14.260725,Other,3
-11.372157,31.563742,Other,3
6.0862556,37.77426,Other,3
21.173868,-33.284115,Other,3
-24.092913,-40.923664,Other,3
-24.799824,-16.297276,Other,3
28.01699,-32.448982,Other,3
6.681266,-27.427824,Other,3
40.51903,-26.074938,Other,3
6.3665495,9.889251,Top-Multi,2
-20.122004,-29.636515,Other,3
37.793293,2.252999,Other,3
-8.577089,37.94636,Top-Multi,2
-25.715975,8.069963,Other,3
18.806204,40.872074,Other,3
-29.165865,39.383247,Other,3
3.8077414,13.934651,Other,3
39.10755,19.37705,Top-Multi,2
-13.865426,-13.285622,Top-Multi,2
-46.36961,-5.804172,Other,3
1.1934717,12.606293,Other,3
-25.888771,-34.708775,Class1,0
-10.619566,17.176022,Other,3
-40.929905,-16.595032,Other,3
-25.06429,24.05026,Other,3
23.478954,-16.490614,Other,3
2.5947182,5.6812906,Other,3
3.1956663,14.989975,Other,3
0.67395914,-5.5142846,Other,3
13.135748,19.892569,Other,3
-6.358356,42.406982,Top-Multi,2
22.320518,35.232273,Class1,0
-6.367301,-13.101763,Top-Multi,2
15.412341,37.376255,Other,3
-39.60485,-12.679079,Other,3
-10.823646,-7.2395825,Other,3
-10.65844,23.266485,Other,3
15.681237,-42.003674,Other,3
17.471264,-43.63017,Other,3
-5.056514,40.406433,Top-Multi,2
12.608988,28.031542,Other,3
-32.544834,-10.277506,Other,3
-34.359417,-29.531294,Other,3
11.885101,47.60518,Other,3
11.317276,15.807607,Top-Multi,2
-49.747955,-10.975628,Other,3
-5.5833793,5.591167,Other,3
-3.0537446,-24.768078,Other,3
-49.271793,-20.059889,Other,3
-1.8958465,34.882423,Other,3
-13.988002,21.5716,Other,3
-37.408173,17.426098,Other,3
11.592,44.36105,Other,3
-17.13768,9.832673,Other,3
23.915049,18.86971,Other,3
-5.292329,-16.023533,Top-Multi,2
-18.246119,9.339216,Other,3
-12.153291,-1.9316452,Other,3
-1.5958955,28.625763,Other,3
-18.925388,-15.602612,Top-Multi,2
-34.988808,-39.97255,Other,3
24.724186,29.929523,Other,3
-33.72342,-13.938145,Other,3
8.60248,-11.498727,Other,3
-32.372314,11.011955,Other,3
26.811922,-7.1468596,Other,3
0.5775754,-11.680642,Other,3
-0.079583645,-31.746374,Other,3
-7.799768,-15.396074,Other,3
-9.646187,-35.166176,Other,3
-44.862133,-28.619925,Other,3
40.57434,-11.168259,Other,3
-14.419543,34.67681,Other,3
-31.231476,22.677317,Other,3
13.152188,10.940815,Other,3
-17.524204,-21.36847,Other,3
28.216393,-35.23348,Other,3
-14.094334,43.70397,Other,3
-17.705748,-1.3758652,Top-Multi,2
-30.934782,16.058289,Other,3
14.2888775,-13.096378,Other,3
-22.168077,9.176199,Other,3
-29.92409,-33.699383,Class1,0
6.238752,48.177155,Other,3
-18.052193,12.560592,Other,3
-2.1073563,-49.7919,Other,3
-40.335167,-4.7075286,Other,3
-14.511246,2.3734784,Other,3
-5.3294787,36.840954,Other,3
3.5891523,-5.087164,Other,3
-15.820187,-19.410408,Other,3
24.370163,51.098366,Class1,0
-10.378284,-11.150691,Other,3
-11.119355,-26.050167,Other,3
7.2170596,44.175262,Other,3
-17.592873,-4.2066717,Other,3
-1.6136285,-28.771196,Top-Multi,2
6.124763,38.538036,Other,3
-5.2386885,17.175041,Top-Multi,2
24.124239,-22.46861,Top-Multi,2
32.605038,-27.737152,Other,3
27.49708,44.339672,Other,3
39.18259,-12.628599,Other,3
-4.028323,-39.1071,Top-Multi,2
28.26185,18.923223,Other,3
0.6065451,12.046464,Other,3
16.758272,40.10286,Other,3
-14.967439,-20.250692,Other,3
27.652208,-9.580324,Other,3
26.031878,0.7565692,Other,3
-8.931537,-34.732704,Other,3
1.1459386,22.63478,Other,3
28.170496,41.395447,Other,3
22.790043,-9.902729,Other,3
19.737772,-11.900535,Other,3
33.5794,40.027775,Top-Multi,2
27.995064,-6.8552256,Other,3
15.285708,2.6853695,Top-Multi,2
-5.098108,-15.233592,Other,3
13.077689,-27.06674,Other,3
-28.073486,-28.181738,Other,3
16.262897,44.623165,Other,3
4.3088493,-20.852385,Other,3
-15.424195,-20.649466,Other,3
-5.594985,-8.067043,Other,3
-5.1024957,28.399727,Other,3
-3.4824724,-4.834808,Other,3
-31.537678,1.9447045,Other,3
-1.9599985,11.784145,Other,3
30.954147,-24.242512,Other,3
-19.216852,-32.54187,Other,3
8.839568,1.020544,Other,3
-18.547567,6.4075093,Other,3
2.6771402,24.464443,Other,3
22.817753,-24.892075,Other,3
40.72126,10.223664,Other,3
-43.76719,-13.223708,Other,3
29.15701,-7.693855,Other,3
6.5929766,41.329735,Other,3
12.490347,-7.3138285,Other,3
-40.332134,-4.679647,Other,3
-13.040824,-2.8302135,Other,3
22.809427,-0.7055849,Other,3
-21.803467,7.0928206,Other,3
29.242847,-12.131331,Other,3
22.517166,-22.548315,Other,3
-45.294083,-11.93904,Other,3
-6.014521,-31.457106,Other,3
-8.164709,36.535656,Other,3
36.53206,19.852474,Top-Multi,2
7.9523335,-28.230389,Other,3
16.528023,49.261192,Other,3
-11.136469,1.1943306,Other,3
-20.712986,14.087155,Other,3
-4.542658,-24.966692,Other,3
22.905777,-16.86405,Other,3
-40.939056,-28.965307,Other,3
-6.8802104,-7.2663803,Other,3
20.207596,-35.52564,Other,3
12.917212,-20.729677,Other,3
-30.674232,-34.215233,Other,3
-26.501348,5.807132,Other,3
23.372528,37.495045,Other,3
29.965094,43.73521,Top-Multi,2
28.814096,34.70138,Other,3
24.501303,-7.4585595,Other,3
4.9223375,24.51167,Other,3
10.590096,-4.3522716,Other,3
-6.6999226,-20.070658,Top-Multi,2
7.4817963,-12.603881,Other,3
22.983713,-21.889015,Other,3
-33.26597,7.746675,Other,3
16.416138,47.09112,Other,3
-0.16986921,-0.089746416,Other,3
10.855719,39.559177,Other,3
12.03032,-20.515524,Other,3
-6.4205766,36.673244,Other,3
-2.7296746,-2.8842669,Other,3
5.186311,-21.897413,Other,3
28.833666,37.882397,Other,3
23.926287,7.501623,Other,3
19.984852,0.2641741,Other,3
12.735772,35.105103,Other,3
-7.572375,-47.250076,Other,3
7.0575156,9.853803,Other,3
-2.2707806,-16.23681,Other,3
14.065154,11.614449,Other,3
-1.8693458,-27.191439,Top-Multi,2
-38.971756,-13.504165,Other,3
17.623888,-28.704687,Other,3
16.97777,38.45243,Other,3
34.978886,30.87107,Other,3
2.0726678,-5.121138,Other,3
-4.758346,38.390297,Other,3
-15.202445,-21.916327,Other,3
-41.31154,7.8589425,Other,3
-43.925472,-5.6641917,Other,3
-14.303527,-21.837132,Other,3
28.510242,6.3476233,Other,3
5.1308813,0.58868027,Top-Multi,2
-16.402004,-23.849161,Other,3
-19.252878,3.4094286,Other,3
-8.920344,-30.183462,Other,3
24.717918,-36.16954,Other,3
-26.187092,-41.31051,Other,3
22.040363,31.970257,Other,3
19.703459,53.692226,Other,3
-1.9198666,10.120977,Other,3
-14.790223,-34.748966,Other,3
-29.179937,-37.561245,Other,3
44.174534,-17.39512,Other,3
20.731606,49.918125,Top-Multi,2
-26.74063,13.760934,Other,3
-8.486996,-41.37219,Other,3
-5.196878,-16.147785,Other,3
-41.335663,-21.818197,Other,3
23.161995,-18.971216,Top-Multi,2
-34.49682,14.360112,Other,3
-28.103518,-5.951061,Other,3
-42.93075,3.966343,Other,3
-36.266098,-10.888293,Other,3
30.713245,-20.455782,Other,3
-42.740185,-8.000105,Other,3
19.53321,20.01414,Other,3
-23.312723,-26.536692,Other,3
1.6243387,41.652714,Other,3
-7.210885,23.885729,Other,3
-10.0126095,48.61863,Other,3
14.7011795,-1.7858076,Other,3
24.103344,-14.587203,Other,3
-23.490051,38.627953,Other,3
1.5656034,-19.43271,Other,3
14.384334,44.198105,Other,3
27.746563,37.647633,Other,3
-10.442381,34.50657,Other,3
38.031963,8.773044,Other,3
6.0073576,31.78884,Top-Multi,2
-20.316319,-18.073587,Other,3
38.74326,-21.124044,Other,3
-41.283688,-32.47767,Other,3
-44.732365,5.131015,Other,3
-7.7857423,-20.176825,Other,3
3.4121153,-8.51384,Top-Multi,2
16.399406,1.2582285,Other,3
29.53958,40.799866,Other,3
-42.489082,7.251944,Other,3
11.326452,-41.71847,Other,3
25.763762,-10.892724,Other,3
-22.327524,32.098343,Other,3
-5.510989,7.873828,Other,3
-18.088232,22.49639,Other,3
7.1987777,-15.237641,Other,3
12.893549,24.6494,Other,3
6.3002214,51.699512,Other,3
24.698292,-33.351097,Other,3
-30.029572,19.202051,Other,3
-0.3319798,-44.43448,Top-Multi,2
-20.27982,-18.297106,Other,3
-43.042942,18.027197,Other,3
-17.305695,1.6385292,Other,3
-30.515495,-32.927853,Other,3
13.560128,-31.820663,Other,3
4.957175,-21.744305,Other,3
31.547155,41.300842,Other,3
26.933495,34.117214,Other,3
20.360947,-8.438333,Other,3
35.571644,-4.5660253,Other,3
12.080583,-23.597948,Other,3
-42.09784,16.990217,Other,3
9.648385,-0.59728384,Top-Multi,2
-23.162756,-4.4618945,Other,3
8.431429,-12.478027,Other,3
18.963444,43.070667,Other,3
13.106691,53.75425,Other,3
37.453487,-6.292478,Other,3
8.343354,41.251553,Other,3
-10.250559,-18.585901,Other,3
37.327076,17.396889,Other,3
-40.503796,12.380866,Other,3
-10.3647785,11.722165,Other,3
-41.55337,-18.98756,Other,3
-34.90166,-28.158426,Other,3
-4.3900657,22.637545,Top-Multi,2
-40.054874,-28.877415,Other,3
30.887606,-9.214664,Other,3
-14.704657,17.482454,Other,3
27.421253,-25.340277,Other,3
-1.4060556,1.9616797,Other,3
11.211089,-0.7259154,Other,3
17.500164,-18.68194,Other,3
15.998572,-16.353825,Top-Multi,2
21.56356,-4.117287,Other,3
21.822206,-15.314537,Other,3
-15.223726,-7.638503,Other,3
29.642023,-2.6950767,Other,3
26.193466,-11.738768,Other,3
3.4868288,-1.2587092,Other,3
12.1222105,7.329698,Other,3
-19.139818,0.47028425,Other,3
12.026179,23.334454,Other,3
-7.0840106,-4.7883825,Other,3
-31.239273,-4.3805003,Other,3
5.086873,-13.959655,Other,3
19.987415,47.997864,Other,3
14.248699,44.471573,Other,3
-23.624693,12.676102,Other,3
-19.528912,11.277328,Other,3
-34.622307,-6.705844,Other,3
35.86055,2.5196311,Other,3
-23.001356,-26.807106,Other,3
-29.452532,4.8665986,Top-Multi,2
8.040788,-11.222555,Other,3
21.634148,-38.422993,Other,3
-15.980103,-4.1889005,Other,3
29.076529,-16.07492,Other,3
14.964998,21.646088,Other,3
0.61423194,-19.655394,Other,3
-3.886654,34.478157,Other,3
30.250114,8.252684,Top-Multi,2
16.368765,-11.711414,Other,3
-10.138252,43.99704,Other,3
-25.936607,35.52824,Other,3
15.363119,40.501877,Other,3
1.1496603,4.947901,Other,3
24.540937,32.44357,Other,3
25.18843,-13.218552,Other,3
-8.82135,17.655348,Other,3
-29.4987,4.689238,Other,3
-13.018882,8.8045225,Top-Multi,2
30.55175,-20.576015,Other,3
-10.225099,39.00313,Other,3
-15.614274,-28.884796,Other,3
19.425398,-37.47964,Other,3
-46.485527,-5.724256,Other,3
9.438973,8.6094475,Other,3
38.326572,-25.064419,Top-Multi,2
-7.4329777,17.747288,Other,3
23.646185,-5.287426,Other,3
-25.606144,-36.93251,Other,3
10.7584505,-30.336782,Other,3
-0.9398969,-40.997086,Other,3
9.134909,49.727917,Other,3
18.35786,38.260506,Other,3
31.332884,-20.465244,Other,3
-19.620407,-6.3844995,Other,3
-18.366869,-26.801094,Other,3
18.631435,-11.025193,Other,3
24.40623,-31.386446,Other,3
23.56851,-35.563156,Other,3
-43.5178,8.25529,Other,3
-48.908745,-1.2255862,Other,3
-3.722072,-7.9311905,Other,3
-15.564225,-17.32805,Other,3
-12.740642,3.73426,Other,3
-34.32867,-27.927225,Other,3
25.970528,31.16645,Other,3
36.658615,-29.840937,Other,3
25.521725,9.608325,Other,3
-16.949179,40.334595,Other,3
-34.203884,-34.88733,Other,3
26.971863,15.709379,Other,3
-16.333035,5.7640495,Other,3
16.463356,12.314165,Other,3
-39.06269,-28.76711,Other,3
-1.597027,23.004362,Top-Multi,2
-14.721298,-1.7557001,Other,3
8.376042,-18.353973,Other,3
1.220595,27.92109,Top-Multi,2
-14.62061,-20.869574,Other,3
21.276903,-21.073656,Top-Multi,2
-24.26278,26.66844,Other,3
13.635307,-54.44633,Other,3
-30.625233,8.169926,Other,3
1.7043054,19.686253,Other,3
12.329741,10.164563,Top-Multi,2
-8.791453,41.925488,Other,3
4.073059,40.18849,Other,3
41.798298,-10.833768,Other,3
12.438092,14.149542,Other,3
-39.829273,12.295199,Other,3
17.371342,-19.406723,Other,3
-37.318565,7.5825014,Other,3
-5.167526,34.42056,Class1,0
-4.740198,13.069657,Other,3
40.848923,-11.197628,Top-Multi,2
-36.761803,4.783572,Other,3
-20.027355,6.5962296,Other,3
-24.869844,36.319656,Class1,0
12.565656,32.184933,Other,3
-23.671623,-29.155397,Other,3
-8.259186,27.896866,Other,3
-0.837325,-35.987865,Other,3
-19.354576,-32.713917,Other,3
3.8470402,-39.181103,Other,3
-15.429011,-15.532918,Other,3
19.820778,15.813299,Other,3
3.1083994,-38.774315,Top-Multi,2
2.6125057,-43.5939,Other,3
-4.617492,41.452335,Other,3
45.527866,-19.3716,Other,3
26.585243,-32.21344,Other,3
27.490284,-21.438684,Top-Multi,2
-21.034111,2.599509,Other,3
16.550087,14.59799,Other,3
4.939573,29.42255,Other,3
-37.508057,17.125559,Other,3
-6.939292,4.0240026,Other,3
0.54320943,-33.163258,Top-Multi,2
40.605934,-19.82423,Other,3
21.578135,-2.0522246,Top-Multi,2
17.292513,50.63641,Top-Multi,2
-0.7894453,-14.742793,Other,3
7.9109406,-17.010895,Other,3
23.621767,19.060875,Other,3
33.571484,33.177204,Top-Multi,2
31.248062,40.67507,Top-Multi,2
-17.901136,-26.144806,Other,3
-37.070198,-24.06392,Other,3
-37.348995,-5.991498,Other,3
28.610306,-15.438885,Other,3
-35.108723,19.815151,Other,3
33.47707,-14.856281,Other,3
7.691846,39.110867,Other,3
-7.598702,38.301376,Other,3
9.426478,8.556938,Other,3
-42.25432,-30.126486,Other,3
-29.920996,-1.3324863,Other,3
22.949837,-13.250971,Other,3
-24.469156,-25.130981,Other,3
-26.418585,13.819608,Other,3
-24.615992,-24.654518,Other,3
3.3807237,-11.79301,Other,3
-42.575645,-13.705056,Other,3
0.118877366,7.021667,Other,3
12.61815,-20.739838,Other,3
-34.184864,-21.73058,Other,3
-7.5644655,-9.899018,Other,3
25.452024,-16.160538,Other,3
-1.6584668,-11.080722,Other,3
8.307067,-18.578411,Other,3
-18.58281,11.077137,Other,3
-22.291079,44.69385,Other,3
-6.879361,12.799186,Top-Multi,2
-6.04738,40.889885,Other,3
-14.748612,27.803072,Top-Multi,2
17.341288,-23.81853,Other,3
-8.692696,41.386124,Other,3
8.974015,18.368517,Top-Multi,2
-43.003124,6.680872,Other,3
-17.626102,14.139189,Top-Multi,2
40.243484,7.7667193,Other,3
-41.056145,6.627559,Other,3
-23.210766,-27.39418,Other,3
3.210244,22.565807,Other,3
-10.649078,19.42067,Other,3
-9.80037,-17.700531,Other,3
9.027115,12.301942,Other,3
-27.38628,13.07175,Other,3
10.007424,-9.116143,Class1,0
23.671352,-22.183174,Other,3
-18.325047,-21.379578,Other,3
24.118458,36.729294,Top-Multi,2
-1.6510816,8.376816,Top-Multi,2
-39.45101,7.457197,Other,3
-48.246815,18.607336,Other,3
-30.672665,-17.303246,Other,3
-14.239735,27.115154,Other,3
-19.20378,-39.79015,Other,3
-24.276524,17.504063,Other,3
-38.655495,-29.48313,Other,3
24.835932,-38.228428,Other,3
-28.921396,11.300479,Other,3
-30.347116,14.365172,Other,3
-1.7519914,-5.560805,Other,3
-21.6053,-18.271358,Other,3
-32.860832,2.4719265,Other,3
18.308928,-37.19075,Other,3
-22.2372,44.872616,Other,3
48.54499,-20.641626,Other,3
34.470432,-35.844524,Other,3
-7.879584,-19.183813,Other,3
5.2907763,23.284214,Other,3
-27.674662,-18.671692,Other,3
-17.215225,2.2240202,Other,3
25.04304,3.9465106,Other,3
-22.992914,-36.544167,Other,3
12.486773,36.46356,Other,3
19.197912,-15.078196,Other,3
11.881897,-17.307262,Other,3
-24.97896,-27.054182,Other,3
-40.231815,5.5384,Other,3
18.352743,-15.249037,Other,3
27.873367,-1.5969093,Other,3
0.19136317,4.877018,Other,3
18.8009,-0.07597375,Top-Multi,2
26.07028,40.769684,Class1,0
3.8694613,-27.977184,Other,3
-28.216368,-27.254272,Other,3
25.326578,-14.352931,Other,3
-42.624424,-25.299627,Class1,0
21.35089,9.687066,Class1,0
0.09294883,7.0232167,Other,3
12.697336,6.0666213,Other,3
44.211403,-16.367414,Other,3
4.002241,-4.0089593,Other,3
-17.536623,9.525158,Other,3
6.1826224,18.241844,Other,3
6.799148,-29.474455,Other,3
-12.148048,8.672451,Other,3
-29.425665,4.252871,Other,3
20.803177,5.9071007,Other,3
-38.948746,-21.385593,Other,3
-5.573586,0.6493494,Other,3
28.214605,-34.055965,Other,3
2.350834,-15.697002,Other,3
-6.927038,17.819551,Other,3
35.513813,-12.005662,Class1,0
-45.121048,-15.67521,Other,3
-15.863886,-10.430298,Other,3
-26.271086,22.400908,Other,3
-2.4876845,0.93529993,Other,3
-24.625696,-23.152294,Other,3
38.661,-25.001762,Top-Multi,2
-12.973189,33.107517,Other,3
-9.379583,7.5810184,Other,3
-27.584766,0.78420925,Other,3
3.8448899,-15.516675,Other,3
-13.174802,-20.163313,Other,3
12.8520775,-8.069428,Other,3
-6.5994663,13.97573,Other,3
37.610573,7.310977,Other,3
20.054165,-4.3211474,Other,3
-6.522791,42.885162,Top-Multi,2
-22.952427,35.025486,Other,3
19.728222,-20.818998,Other,3
27.575212,44.219772,Other,3
-14.899226,-25.535524,Class1,0
27.997387,35.087955,Other,3
-29.187517,-9.21389,Other,3
-35.60219,-25.246555,Other,3
10.19982,34.817608,Other,3
-22.180191,13.877507,Other,3
13.629104,-54.434944,Other,3
-6.1809206,-3.7544894,Other,3
-21.972298,-34.45285,Other,3
-16.852509,-44.249584,Other,3
1.8441622,-0.8941326,Other,3
4.6597075,-18.514557,Other,3
34.727818,8.21452,Other,3
-19.693937,-23.688515,Other,3
-42.770535,-14.295008,Other,3
30.523382,0.2848524,Top-Multi,2
-26.574888,37.878357,Other,3
22.166061,-32.17634,Other,3
-16.919422,30.395842,Top-Multi,2
-10.344282,-13.561202,Other,3
-0.38362464,-8.080425,Other,3
-13.671169,4.433179,Other,3
-16.716087,25.77912,Other,3
-6.40295,-16.670753,Other,3
18.11344,21.96662,Other,3
43.126297,10.1497345,Other,3
38.89167,-25.21077,Top-Multi,2
-30.827543,38.025703,Other,3
-13.069674,44.16663,Other,3
-18.112947,-9.257761,Other,3
3.314266,28.840408,Top-Multi,2
0.19446386,3.7695918,Other,3
-48.731956,-1.1940254,Other,3
20.419846,20.689398,Other,3
24.020697,-11.940202,Other,3
16.054457,42.46245,Other,3
-22.613667,43.978546,Other,3
31.104284,-24.255903,Other,3
-42.30456,-31.886354,Other,3
25.284935,-12.223697,Other,3
15.492385,46.151413,Other,3
-12.581886,-32.17195,Other,3
-15.32934,-28.590496,Other,3
-9.318528,-42.588753,Other,3
-2.930838,-36.49755,Other,3
-4.9499583,2.5009408,Other,3
15.102044,43.502796,Other,3
-25.310005,-40.25672,Other,3
20.446033,44.68781,Other,3
-27.588087,10.241434,Other,3
26.854292,29.678059,Other,3
14.981468,35.85574,Top-Multi,2
4.9249206,43.077225,Other,3
1.4272839,-16.105911,Other,3
-2.0505626,-49.642796,Other,3
-15.123939,-39.257195,Other,3
-19.152416,-18.624962,Other,3
20.692284,-39.936924,Other,3
25.727224,26.359156,Class1,0
-35.088684,-20.055433,Other,3
-40.879955,12.513485,Other,3
17.641888,-13.862008,Other,3
9.186247,39.233616,Other,3
-22.449339,10.565459,Other,3
38.96632,-24.59432,Top-Multi,2
15.773763,41.63207,Other,3
43.215557,-17.667843,Other,3
-34.950504,-2.8356035,Other,3
6.2416244,48.18021,Other,3
17.307322,41.711178,Other,3
6.88602,-1.6238233,Other,3
-11.75671,-35.91987,Other,3
-29.809021,38.730858,Other,3
-0.5044549,25.510988,Other,3
21.292738,-19.322378,Other,3
-34.08807,-0.26394993,Other,3
-12.238246,-33.934658,Other,3
-38.927197,-19.33991,Other,3
-10.839037,35.602837,Other,3
2.579699,6.3318033,Other,3
33.564022,39.68088,Other,3
21.941399,-9.395904,Other,3
-40.48899,-9.844438,Other,3
-4.07305,36.9186,Other,3
-34.730648,-20.230583,Other,3
-20.204678,-31.941343,Other,3
-2.2299464,19.77913,Other,3
-20.57826,-3.3636808,Other,3
-7.8813887,31.45193,Other,3
8.091184,39.50517,Other,3
5.6153736,-4.2772336,Other,3
12.975507,33.08672,Other,3
-3.048706,-15.596712,Other,3
-0.85536957,-29.779123,Other,3
11.19516,-41.7782,Other,3
-25.948885,-40.083042,Other,3
16.521076,41.512756,Other,3
12.815776,-10.719461,Other,3
-25.515625,-7.670873,Other,3
23.444113,25.396482,Other,3
-18.36946,17.74902,Other,3
22.765476,-10.058454,Other,3
-17.375807,19.256495,Other,3
-49.30564,-20.0648,Other,3
-14.501393,5.1448717,Other,3
-17.596043,-10.27162,Other,3
-16.950283,-16.831028,Other,3
32.353302,-7.322476,Other,3
26.534874,13.368013,Other,3
-13.119114,9.795184,Other,3
9.377954,3.5657163,Other,3
15.961645,43.30618,Other,3
-14.128321,-7.1543345,Other,3
-2.9920352,2.7873623,Other,3
-2.3786516,-12.041036,Other,3
12.41515,23.29002,Other,3
30.974236,3.532594,Other,3
-33.4188,10.218255,Other,3
-13.939153,13.13286,Other,3
-21.890205,-45.101562,Other,3
19.221539,-25.859224,Other,3
-8.091215,-26.899435,Other,3
3.117709,34.216705,Other,3
-23.34296,15.455598,Other,3
17.893465,41.01811,Other,3
-10.512857,-35.316216,Other,3
-19.49479,0.69948614,Other,3
19.490622,1.3098736,Top-Multi,2
10.231873,-16.264595,Other,3
-21.685518,29.49118,Other,3
15.422146,48.53938,Class1,0
22.093187,32.56478,Top-Multi,2
-10.408708,2.9804945,Other,3
13.873323,41.146446,Other,3
28.069473,-23.696564,Other,3
16.08427,-41.701904,Other,3
9.823577,46.07673,Top-Multi,2
-2.190718,-7.2151284,Top-Multi,2
19.279938,32.178497,Other,3
-21.894474,-37.859737,Other,3
-10.5687,-3.7519047,Other,3
-31.65226,-18.619854,Other,3
-44.13847,6.8939705,Other,3
-10.603881,-3.273783,Other,3
-22.42673,8.48597,Other,3
24.708822,20.8563,Other,3
7.524956,33.420906,Other,3
-11.633597,39.54411,Top-Multi,2
14.044127,-33.171864,Other,3
-24.429876,27.663677,Other,3
27.927057,1.7481546,Other,3
5.044777,26.292435,Top-Multi,2
-33.909595,19.687778,Other,3
-10.553699,35.07316,Other,3
-12.624393,5.5402966,Other,3
17.971535,-20.898735,Other,3
-10.390797,25.206211,Other,3
33.935406,-9.619294,Other,3
42.26835,11.599282,Other,3
23.36415,-26.93634,Other,3
8.526576,35.379826,Other,3
-23.296589,21.073875,Top-Multi,2
18.8729,45.788742,Top-Multi,2
-43.832443,6.257814,Other,3
12.704028,46.31026,Other,3
-16.10829,25.968445,Other,3
18.254074,3.4145288,Other,3
-34.548107,-0.34146073,Other,3
15.27419,-1.5133517,Top-Multi,2
-8.495624,9.350147,Other,3
19.462843,-30.45127,Other,3
-1.817198,-1.9536736,Other,3
-4.229375,-24.877424,Other,3
3.0456488,4.105532,Other,3
7.490238,-4.4739347,Other,3
24.559374,51.82692,Other,3
-8.718375,-2.029191,Other,3
16.428936,9.571558,Other,3
20.344276,-37.764973,Other,3
3.1097178,22.47158,Other,3
-9.495518,18.981632,Other,3
-15.22008,-39.689377,Other,3
8.086629,13.791369,Other,3
-5.1176977,-4.9802623,Other,3
-30.898144,-8.04874,Other,3
-17.542189,1.1771142,Other,3
18.236164,44.54801,Other,3
8.612394,-27.696024,Top-Multi,2
-6.1425643,-23.205528,Other,3
1.3717278,-20.697714,Other,3
-8.509068,-34.565052,Other,3
13.628979,-54.438454,Other,3
14.669668,10.790783,Other,3
-44.59812,-12.1913805,Other,3
-39.99911,21.903109,Other,3
-0.6142533,-8.780994,Top-Multi,2
-39.324795,-24.26295,Other,3
-23.426052,-38.28335,Other,3
-1.2868474,14.95251,Other,3
-36.76765,-3.1842222,Other,3
9.140417,20.145342,Other,3
16.090115,28.610113,Other,3
-2.3818736,-20.438498,Other,3
38.743908,6.9942937,Other,3
4.155018,40.758762,Other,3
39.334606,-24.757416,Top-Multi,2
22.810873,31.14056,Other,3
9.64358,-24.203726,Other,3
32.997303,-14.8262415,Other,3
-8.157269,-15.660435,Other,3
-1.6173949,7.1393876,Other,3
-11.467802,26.188816,Other,3
-12.493625,-4.4535303,Class1,0
-24.783653,-1.0186129,Other,3
8.857375,3.4113672,Other,3
2.613908,14.4451475,Other,3
-9.681825,38.28305,Other,3
-10.466951,-19.073603,Top-Multi,2
4.776544,-18.145899,Other,3
22.237461,30.816671,Other,3
-5.164394,39.475628,Other,3
22.853947,-37.499355,Top-Multi,2
25.963078,-6.08753,Other,3
21.645615,-38.280567,Other,3
-18.379036,17.262802,Other,3
-15.286756,21.964014,Other,3
13.080846,-24.09544,Other,3
39.434174,-25.413853,Top-Multi,2
15.447319,6.0523715,Other,3
-2.991661,18.77936,Other,3
2.8620028,-18.674948,Other,3
-10.028781,-0.28334644,Other,3
38.787716,8.727927,Other,3
-18.942373,37.854992,Other,3
36.717052,-16.091024,Other,3
-1.6083215,50.38187,Other,3
31.718493,-3.8747318,Other,3
-1.6037322,34.04711,Other,3
-19.469131,31.648159,Other,3
-22.844526,-2.1576262,Other,3
39.071083,-18.180521,Other,3
-33.73225,10.116094,Other,3
6.4471087,19.121855,Other,3
-3.2499254,-1.4228563,Other,3
11.208583,12.092594,Other,3
-24.523504,10.823542,Other,3
-30.85941,13.951875,Other,3
-7.2555475,-3.6587484,Other,3
-6.2371354,39.13786,Other,3
38.542202,10.558671,Other,3
6.037406,35.789356,Other,3
-0.6371187,-37.985294,Other,3
13.340778,-17.063234,Top-Multi,2
-3.5651023,31.656137,Other,3
-13.6594515,19.793894,Other,3
-27.098103,11.655177,Other,3
26.00989,-36.65337,Other,3
31.761292,10.763954,Other,3
-4.910303,-20.325129,Other,3
11.459085,-14.202315,Other,3
17.388195,46.295113,Top-Multi,2
-19.34398,-0.8185849,Other,3
-38.52275,12.264939,Other,3
10.90179,11.966354,Other,3
14.292474,45.88822,Other,3
17.617493,-4.565902,Other,3
29.574879,-5.1968594,Other,3
37.46291,-14.447312,Other,3
10.367846,-11.677739,Other,3
-5.1642785,-0.43654522,Other,3
-14.186741,32.154655,Top-Multi,2
38.90108,10.893017,Other,3
31.040005,-1.971602,Other,3
-5.197676,-33.788467,Other,3
6.9994283,42.320675,Other,3
-29.4603,25.331404,Other,3
15.413,42.822952,Other,3
31.101004,-28.570398,Other,3
-37.665993,-25.871506,Other,3
-45.05596,-28.659092,Other,3
-29.114052,-28.175383,Other,3
28.938904,9.962514,Other,3
-38.861763,6.24703,Other,3
29.71865,-34.013817,Other,3
2.4954166,3.2458408,Other,3
48.15239,-15.769008,Other,3
8.504072,-2.5444827,Other,3
-10.182738,4.236795,Other,3
5.542948,12.00353,Other,3
-21.159441,7.1394215,Other,3
15.731659,-19.582014,Other,3
8.833435,25.447714,Other,3
7.548696,5.517301,Other,3
-3.4300814,19.227356,Other,3
6.344816,5.4661183,Other,3
-49.260925,-20.05834,Other,3
1.8785077,-13.450544,Other,3
7.7063494,12.29598,Other,3
-1.549993,-0.29959747,Other,3
-4.1703153,40.43254,Top-Multi,2
-0.65938705,-27.483795,Other,3
-21.977537,-33.83368,Other,3
35.99316,-4.1409945,Top-Multi,2
-36.906853,11.600377,Other,3
-2.3556888,-28.553808,Other,3
-33.389057,21.749655,Other,3
-28.15641,-14.0066185,Other,3
17.39761,-7.1762404,Other,3
24.23934,-38.26361,Other,3
